CREATE TABLE categories (
  id_categorie serial PRIMARY KEY NOT NULL,
  label_fr varchar(300) NOT NULL,
  label_en varchar(300) NOT NULL
);

INSERT INTO categories (id_categorie, label_fr, label_en) VALUES
(1, 'Basededonnees', 'Database'),
(2, 'Reseau', 'Network'),
(3, 'Web-Front', 'Web-Front'),
(4, 'Web-Back', 'Web-Back'),
(5,'ProgObjet', 'OrientedObjectProgrammation'),
(6, 'Experience','Experience'),
(7,'Personnel','Personnal'),
(8, 'PHP', 'PHP'),
(9, 'SoftSkills','SoftSkills');



CREATE TABLE difficultes (
  id_difficulte serial PRIMARY KEY NOT NULL,
  level_fr varchar(300) NOT NULL,
  level_en varchar(300) NOT NULL
);



INSERT INTO difficultes (id_difficulte, level_fr, level_en) VALUES
(1, 'Facile', 'Easy'),
(2, 'Moyen', 'Medium'),
(3, 'Difficile', 'Hard');



CREATE TABLE questions (
  id_question serial PRIMARY KEY NOT NULL,
  label_fr varchar(300) NOT NULL,
  label_en varchar(300) NOT NULL,
  id_categorie int REFERENCES categories(id_categorie) NOT NULL,
  id_difficulte int REFERENCES difficultes(id_difficulte) NOT NULL,
  eval_mode boolean NOT NULL,
  training_mode boolean NOT NULL,
  survival_mode boolean NOT NULL,
  pro_tips_fr varchar(300),
  pro_tips_en varchar(300)
);

INSERT INTO questions (id_question, label_fr, label_en, id_categorie, id_difficulte, eval_mode, training_mode, survival_mode, pro_tips_fr, pro_tips_en) VALUES
(1, 'Parmi ces technologies, lesquelles sont utilisées pour le développement Web ?', 'Which of these technologies are used for web development?', 3, 2, TRUE, TRUE, FALSE, NULL, NULL),
(2, 'Lequel de ces protocoles n''est qu''un protocole d''échange de fichiers entre un client et un serveur sur Internet ?', 'Which of these protocols is only a file exchange protocol between a client and a server on the Internet ?', 2, 1, TRUE, TRUE, TRUE, 'FTP pour Protocole de Transport de Fichier', 'FTP for File Trasfert Protocol'),
(3, 'Comment améliorer une page web qui se charge lentement?', 'How to improve a web page that loads slowly?', 4,2, TRUE,TRUE,TRUE,NULL,NULL ),
(4,'Comment vous assurez-vous que vos sites Web et applications sont accessibles aux utilisateurs ?','How do you ensure that your websites and applications are accessible to users?',4,2,TRUE,TRUE,TRUE,NULL,NULL ),
(5,'Quel est votre langage de programmation préféré, et pourquoi ?','What is your favorite programming language, and why?',7,1,TRUE,FALSE,FALSE,NULL,NULL),
(6,'Quelle est la différence entre les classes et les ID dans le CSS ?','What is the difference between classes and IDs in CSS?',3,2,TRUE,TRUE,TRUE,NULL,NULL),
(7,'En Java, peut-on surcharger la méthode main() ?','In Java, can we override the main() method?', 5,3,TRUE,TRUE,TRUE,NULL,NULL),
(8, 'Sur quels sites internet et de quels tailles avez vous travaillé auparavant?','What websites of what size have you worked on before?',6,1,TRUE,FALSE,FALSE,NULL,NULL),
(9, 'Qu''est ce que le HTML sémantique ?','What is Semantic HTML?',3,2,TRUE,TRUE,TRUE,NULL,NULL),
(10, 'Un site ne s''affiche pas correctement sur des appareils différents. Quels sont les premières choses que vous feriez pour corriger le problème ?','The website does not display correctly on different devices.  What are the first steps you would take to fix it?',3,2,TRUE,TRUE,TRUE,NULL,NULL),
(11, 'Quelle est pour vous, la meilleure qualité pour un développeur ?','What is for you, the best quality for a developper ?',7,1,TRUE,FALSE,FALSE,NULL,NULL),
(12, 'En Java, quelle est la différence entre equals() et == ?','In Java, what is the difference between equals() and ==?',5,2,TRUE,TRUE,TRUE,NULL,NULL),
(13, 'PHP est-il un langage de programmation POO ?', 'Is PHP a programming language OOP ?',8,1,TRUE,TRUE,TRUE, NULL, NULL),
(14, 'Expliquer _construct() et _destruct()', 'Explain _construct() and _destruct()', 8,2,TRUE,FALSE,FALSE,NULL,NULL),
(15, 'Comment exporter des données PHP dans Excel ?', 'How to export PHP datas in Excel ?', 8,2,TRUE,FALSE,FALSE,NULL,NULL),
(16, 'Quelle est la balise la plus courante pour intégrer PHP au HTML?','What is the most common element to integrate PHP into HTML ?',8,1,TRUE,TRUE,TRUE,NULL,NULL),
(17, 'Quelle est la différence entre «==» et «===»','What is the difference between == and ===?',5,1,TRUE,TRUE,TRUE,NULL,NULL),
(18, 'As-tu déjà travaillé en direct avec des clients pour réaliser un projet ? Si non, est-ce que cela t''intéresse ?','Have you ever worked live with clients on a project? If not, are you interested?',9,1,TRUE,FALSE,FALSE,NULL,NULL),
(19, 'Que penses-tu de la programmation en équipe ? L''as-tu déjà fait ou serais-tu intéressé pour essayer ?', 'What do you think about team programming? Have you ever done it or would you be interested in trying?', 9,1,TRUE,FALSE,FALSE,NULL,NULL),
(20, 'Qu''est-ce que tu trouves le plus difficile dans ton métier ?','What do you find most difficult about your job?',9,1,TRUE,FALSE,FALSE,NULL,NULL),
(21, 'Parle moi d''un projet dont tu es particulièrement fier et de ce que tu as accompli dans ce projet','Tell me about a project you are particularly proud of and what you have accomplished in this project', 6,1,TRUE,FALSE,FALSE,NULL,NULL),
(22, 'Tu bloques sur une ligne de code ou un problème technique. Comment trouves-tu la réponse ?','You are blocking on a line of code or a technical problem. How do you find the answer ?',9,1,TRUE,FALSE,FALSE,NULL,NULL),
(23, 'Qu''est ce qu une base de données ?','What is a database ?',1,1,TRUE,TRUE,TRUE,NULL,NULL),
(24, 'Qu''est-ce qu un SGBD ?','What is a DBMS ?',1,1,TRUE,TRUE,TRUE,NULL,NULL),
(25, 'Qu''est-ce qu un SGBDR ?','What is an RDBMS ?',1,2,TRUE,TRUE,TRUE,NULL,NULL),
(26, 'Que sont les tableaux et les champs en SQL ?','What are tables and fields in SQL?',1,1,TRUE,TRUE,TRUE,NULL,NULL),
(27, 'Qu''est-ce qu''une clé primaire ?','What s a primary key ?',1,1,TRUE,TRUE,TRUE,NULL,NULL),
(28, 'Que sont les routeurs ?','What are routers ?',2,2,TRUE,TRUE,TRUE,NULL,NULL),
(29, 'Quelle est la différence entre GET et POST ?','What is the difference between GET and POST ?',4,2,TRUE,TRUE,TRUE,NULL,NULL),
(30, 'Quelles sont les différences entre HTML et XHTML ?','What are the differences between HTML and XHTML ?',3,2,TRUE,TRUE,TRUE,NULL,NULL),
(31, 'Quelles sont vos forces et vos faiblesses ?', 'What are your strengths and weaknesses?',7,1,TRUE,FALSE,FALSE,NULL,NULL),
(32, 'Qu''est-ce que l''héritage en Programmation Orientée Objet ?', 'What is legacy in Oriented Object Programmation ?',5,2,TRUE,TRUE,TRUE,NULL,NULL),
(33, 'Quelle est la signification de DNS ?', 'What is the meaning of DNS?', 2,1,TRUE,TRUE,TRUE,NULL,NULL),
(34, 'Pouvez-vous expliquer le principe de requête Client/Serveur ?', 'Can you explain the Client/Server request principle?', 2,2,TRUE,FALSE,FALSE,NULL,NULL),
(35, 'Qu''est ce qu''un masque de sous-réseau ?','What is a subnet mask?', 3,2,TRUE,TRUE,TRUE,NULL,NULL),
(36, 'Pouvez-vous indiquer plusieurs protocole réseau ?','Can you indicate several network protocols?', 2,2, TRUE,FALSE,FALSE,NULL,NULL),
(37, 'Qui est le créateur du Protocole HTTP?','Who is the creator of the HTTP Protocol?',2,3, TRUE,TRUE,TRUE,NULL,NULL),
(38, 'Que doit-on utiliser pour créer une connexion locale ?', 'What should be used to create a local connection?',2,2,TRUE,TRUE,TRUE,NULL,NULL),
(39, 'Lequel de ces langages est un langage orienté Objet?','Which language of these 4 answers is an Object Oriented language?', 5,1,TRUE,TRUE,TRUE,NULL,NULL),
(40, 'Je souhaite mettre en place un bouton pour traduire une page Web, quel est le module le plus adapté?','I want to set up a button to translate a web page, what is the most suitable module?', 3, 2,TRUE,TRUE,TRUE,NULL,NULL),
(41, 'Qu''est ce que BootStrap ?','What is BootStrap?', 3,1, TRUE,TRUE,TRUE,NULL,NULL),
(42, 'Quelles sont les qualités à mettre en avant en premier lors d''un entretien ?', 'What are the qualities to put forward first during an interview?', 7,2,TRUE,TRUE,TRUE,NULL,NULL),
(43, 'Quel est l''utilité première de PHP?','What is the primary use of PHP?',8,1,TRUE,TRUE,TRUE,NULL,NULL),
(44, 'Comment j''énonce mes expériences professionnelles ?','How do I state my professional experiences?',6,2,TRUE,TRUE,TRUE,NULL,NULL),
(45, 'Dans quelle situation est-il préférable de faire une hiérarchie de classe?','In which situation is it better to make a class hierarchy?',5,1,TRUE,TRUE,TRUE,NULL,NULL),
(46, 'Dans quelle situation est-il préférable d''utiliser une énumération en Java ?','In which situation is it better to use an enumeration in Java?',5,1,TRUE,TRUE,TRUE,NULL,NULL),
(47, 'Dans quelle situation est-il préférable d''utiliser une interface en Java ?','In which situation is it better to use an interface in Java?',5,1,TRUE,TRUE,TRUE,NULL,NULL),
(48, 'Quelle est la signification de UDP en réseau?','What is the meaning of UDP in networking?',2,1,TRUE,TRUE,TRUE,NULL,NULL),
(49, 'Quelle est la signification de TCP en réseau ?','What is the meaning of networked TCP?',2,1,TRUE,TRUE,TRUE,NULL,NULL),
(50, 'Quelle est la particularité du protocole UDP','What is special about the UDP protocol',2,2, TRUE,TRUE,TRUE,NULL,NULL),
(51, 'A quoi correspond la norme IEEE 802 ?','What is the IEEE 802 standard?',2,2,TRUE,TRUE,TRUE,NULL,NULL),
(52, 'Quelle est la différence entre les mots-clés throw et throws en Java?','What is the difference between throw and throws keywords in Java?',5,2,TRUE,TRUE,TRUE,NULL,NULL),
(53, 'Peut-on déclarer un constructeur comme final ?','Can a constructor be declared final?',5,2,TRUE,TRUE,TRUE,NULL,NULL),
(54, 'Peut-on déclarer des variables et méthodes static dans une classe abstraite ?','Can we declare static variables and methods in an abstract class?',5,2,TRUE,TRUE,TRUE,NULL,NULL),
(55, 'Peut-on déclarer une interface comme final?','Can an interface be declared as final?',5,2,TRUE,TRUE,TRUE,NULL,NULL),
(56, 'Chaque bloc try doit être suivi d''un bloc catch','Vrai ou faux ?',5,2,TRUE,TRUE,TRUE,NULL,NULL),
(57, 'Quelle est la différence entre une classe abstraite et une interface ?','What is the difference between an abstract class and an interface?',5,2,TRUE,TRUE,TRUE,NULL,NULL),
(58, 'La norme HTTP/3.0 utilise le protocole TCP ET UDP, Vrai ou faux ?','The HTTP/3.0 standard uses the TCP AND UDP protocol, True or False?',2,2,TRUE,TRUE,TRUE,NULL,NULL),
(59, 'Quel est l''identifiant standard du protocole HTTP?','What is the standard HTTP protocol identifier?',2,2,TRUE,TRUE,TRUE,NULL,NULL),
(60, 'Je souhaite utiliser une association clé/valeur en Java, j''utilise un ?','I want to use a key/value association in Java, I use a ?',5,2,TRUE,TRUE,TRUE,NULL,NULL),
(61, 'Qu''est ce qu''une collection en Java ?','What is a collection in Java?',5,2,TRUE,TRUE,TRUE,NULL,NULL),
(62, 'Qu''est ce qu''un INNER JOIN ?','What is an INNER JOIN?',1,2,TRUE,TRUE,TRUE,NULL,NULL),
(63, 'Qu''est ce qu''un OUTER JOIN ?','What is an OUTER JOIN?',1,2,TRUE,TRUE,TRUE,NULL,NULL),
(64, 'Une View c''est ?','A View is?',1,1,TRUE,TRUE,TRUE,NULL,NULL),
(65, 'Un déclencheur c''est ?','A trigger is ?',1,1,TRUE,TRUE,TRUE,NULL,NULL),
(66, 'Qu''est ce qu''un cookie ?','What is a cookie ?',2,2,TRUE,TRUE,TRUE,NULL,NULL),
(67, 'Quelle couche est responsable pour traiter la livraison du paquet?','Which layer is responsible for handling packet delivery?',2,2,TRUE,TRUE,TRUE,NULL,NULL),
(68, 'Quel média de transmission possède la vitesse de transmission la plus élevée dans un réseau?','Which transmission medium has the highest transmission speed in a network?',2,1,TRUE,TRUE,TRUE,NULL,NULL),
(69, 'Quelle technique de multiplexage transmet des signaux numériques?','Which multiplexing technique transmits digital signals?',2,2,TRUE,TRUE,TRUE,NULL,NULL),
(70, 'Quel est le délai suivant auquel le paquet est confronté lorsqu’il se déplace d’un système à un autre?','What is the next delay the packet faces when moving from one system to another?',2,2,TRUE,TRUE,TRUE,NULL,NULL),
(71, 'Comment récupérer l''erreur en cas de problème lors du upload d’un fichier?','How to recover the error if there is a problem while uploading a file?',8,1,TRUE,TRUE,TRUE,NULL,NULL),
(72, 'Quelle est la différence entre $a != $b et $a !== $b?','What is the difference between $a != $b and $a !== $b?',8,1,TRUE,TRUE,TRUE,NULL,NULL),
(73, 'A quoi sert la fonction constant()?','What is the constant() function for?',8,1,TRUE,TRUE,TRUE,NULL,NULL),
(74, 'Qu’est-ce que « URL rewriting »?','What is “URL rewriting”?',8,2,TRUE,TRUE,TRUE,NULL,NULL),
(75, 'Qu’est-ce que le garbage collection?','What is Garbage Collection?',8,2,TRUE,TRUE,TRUE,NULL,NULL),
(76, 'Comment empêcher une attaque de cross-site scripting(XSS) en PHP?','How to prevent cross-site scripting(XSS) attack in PHP?',8,3,TRUE,TRUE,TRUE,NULL,NULL),
(77, 'Pouvez-vous expliquer le cycle de vie d''un thread Java ?','Can you explain the life cycle of a Java thread?',5,2,TRUE,TRUE,TRUE,NULL,NULL),
(78, 'Quel est le moyen possible de rendre un objet éligible au garbage collection (GC) en Java ?','What is the possible way to make an object eligible for garbage collection (GC) in Java?',5,2,TRUE,TRUE,TRUE,NULL,NULL),
(79, 'Quelle est la meilleure façon d''injecter une dépendance ?','What is the best way to inject a dependency?',5,1,TRUE,TRUE,TRUE,NULL,NULL),
(80, 'Comment empêcher la sérialisation des attributs d’une classe en Java ?','How to prevent serialization of attributes of a class in Java?',5,3,TRUE,TRUE,TRUE,NULL,NULL),
(81, 'Qu''est ce qu''un NATURAL JOIN ?','What is an NATURAL JOIN?',1,2,TRUE,TRUE,TRUE,NULL,NULL);




CREATE TABLE reponses (
  id_reponse serial PRIMARY KEY NOT NULL, 
  id_question int REFERENCES questions(id_question) NOT NULL,
  label_fr varchar(300) NOT NULL,
  label_en varchar(300) NOT NULL,
  valid boolean NOT NULL
);

INSERT INTO reponses (id_reponse, id_question, label_fr, label_en, valid) VALUES
(1, 1, 'Angular', 'Angular',  TRUE),
(2, 1, 'Laravel', 'Laravel',  TRUE),
(3, 1, 'JupyterNotebook', 'JupyterNotebook',  FALSE),
(4, 1, 'Aucun', 'None', FALSE),
(5, 2, 'TCP', 'TCP',  FALSE),
(6, 2, 'HTTP', 'HTTP',  TRUE),
(7, 2, 'FTP', 'FTP',  TRUE),
(8, 2, 'SSH', 'SSH',  TRUE),
(9, 3, 'Trouver le bon hébergeur','Find the right host', TRUE),
(10, 3, 'Supprimer les extensions inutiles', 'Delete all useless plugins',TRUE),
(11, 3, 'Réduire le poids des images', 'Reduce pictures size',TRUE),
(12, 3, 'Supprimer les balises','Delete some elements',TRUE),
(13, 4, 'Leur demander','Ask them',FALSE),
(14, 4, 'Utiliser des outils pour vérifier l''accessibilité du site','Use tools to check website accessibility',TRUE),
(15, 4, 'Vérifier par soi-même une fois le site en ligne','Check by yourself once the website is online',TRUE),
(16, 4, 'Vérifier à l''aide d''un tuto Youtube','Check with a youtube tutorial',FALSE),
(17, 6, 'ID s''applique à un objet unique et class à plusieurs objets','ID applies to a single object and class to multiple objects',TRUE),
(18, 6, 'Class s''applique à un objet unique et ID à plusieurs objets','Class applies to a single object and ID to multiple objects',FALSE),
(19, 6, 'Il n''y a aucune différence', 'There is no difference',FALSE),
(20, 6, 'Class sert à mieux modulariser le CSS','Class is used to better modularize the CSS',TRUE),
(21, 7, 'Oui','Yes',TRUE),
(22, 7, 'Non','No',FALSE),
(23, 7, 'Je ne sais pas','I d''ont know',FALSE),
(24, 7, 'La réponse D','Answer D',FALSE),
(25, 9, 'C''est l''utilisation du balisage HTML visant à renforcer la signification des informations contenues dans les pages web, c''est-à-dire leur sens, plutôt que définir leurs présentations','It is the use of HTML element to strengthen the meaning of the information contained in web pages, that is, their meaning, rather than defining their presentations.',TRUE),
(26, 9, 'C''est de l''HTML qui s''aime de manière antique','That''s semantic HTML',FALSE ),
(27, 9, 'Une convention d''écriture du code HTML','A convention for writing HTML code', FALSE),
(28, 9, 'Une façon d''organiser son répertoire de travail','A way to organize your working directory',FALSE),
(29, 10, 'Recréer le site pour chaque appareil','Recreate the website for each device',FALSE),
(30, 10, 'Je change d''hébergeur','I change host',FALSE),
(31, 10, 'J''adapte mon CSS', 'I adapt my CSS',TRUE),
(32, 10, 'Je rends mon site réactif', 'I make my website responsive', TRUE),
(33, 12, 'Aucune', 'None',FALSE),
(34, 12, 'L''une est une méthode et l''autre une opération','One is a method and the other one is an operator',TRUE),
(35, 12, '== est une comparaison d''adresse et equals() une comparaison de contenu','== is an address comparison and equals() a content comparison',TRUE),
(36, 12, '== est une comparaison de contenu et equals() une comparaison d''adresse','== is a content comparison and equals() an address comparison',FALSE),
(37, 13, 'Oui','Yes',TRUE),
(38, 13, 'Non','No',FALSE),
(39, 13, 'C koi POO ?','What is POO ?',FALSE),
(40, 13, 'Oui, parce qu''il y a un P dans les deux','Yes, because there is a P in both',FALSE),
(41, 16, '<script language="php"> et </script>','<script language="php"> and </script>',TRUE),
(42, 16, '<"php"=script language> et </script>','<"php"=script language> and </script>',FALSE),
(43, 16, '<script language="php"> et <script>','<script language="php"> and <script>',FALSE),
(44, 16, '<php language="script"> et </php>','<php language="script"> and </php>',FALSE),
(45, 17, 'Le «==» est utilisé pour une comparaison du type et de la valeur des deux variables et le «===» pour une comparaison entre deux varialbes quel que soit le type','The "==" is used for a comparison of the type and value of two variables and the "===" for a comparison between two varialbes regardless of the type',FALSE),
(46, 17, 'Le «==» est utilisé pour une comparaison entre deux variables quel que soit le type et le «===» pour une comparaison du type et de la valeur des deux variables','The "==" is used for a comparison between two variables whatever the type and the "===" for a comparison of the type and the value of the two variables',TRUE),
(47, 17, 'Il y a un égal en plus','There is one more equal',FALSE),
(48, 17, 'Aucune','None',FALSE),
(49, 23, 'C''est un truc avec des données dedans','It s a thing with data in it',FALSE),
(50, 23, 'C''est une base avec des données dedans','It is a database with data in it',FALSE),
(51, 23, 'Une base de données est une collection organisée d''informations structurées, généralement stockées électroniquement dans un système informatique','A database is an organized collection of structured information, usually stored electronically in a computer system',TRUE),
(52, 23, 'La réponse D','Answer D',TRUE),
(53, 24, 'Des lettres','Some letters',FALSE),
(54, 24, 'Un logiciel système permettant aux utilisateurs et programmeurs de créer et de gérer des bases de données','A software system that allows users and programmers to create and manage databases',TRUE),
(55, 24, 'Un code wifi','A wifi code',FALSE),
(56, 24, 'Un logiciel système permettant aux utilisateurs et programmeurs de créer et de gérer des serveurs web','A system software that allows users and programmers to create and manage web servers',FALSE),
(57, 25, 'Un code de jeu Steam','A Steam game code',FALSE),
(58, 25, 'Une base de données relationnelle est une base de données où l''information est organisée dans des tableaux à deux dimensions appelés des relations ou tables','A relational database is a database where information is organized in two-dimensional tables called relations or tables',TRUE),
(59, 25, 'Une relation de base de données est une relation où l''information est organisée dans des tableaux à deux dimensions appelés des relations ou tables','A database relationship is a relationship where information is organized in two-dimensional tables called relations or tables',FALSE),
(60, 25, 'Ton code Izzly','Your Izzly code',FALSE),
(61, 26, 'Un champ en SQL est une valeur particulière dans une colonne et les tables sont des objets de base de données qui contiennent toutes les données d''une base de données','A field in SQL is a particular value in a column and tables are database objects that contain all the data in a database',TRUE),
(62, 26, 'Un champ en SQL permet de planter des données et une table permet de ranger les plantations','A field in SQL allows to plant data and a table allows to arrange the plantations',FALSE),
(63, 26, 'Un champ en SQL est un objet de base de données qui contient toutes les données d''une base de données et une table est une valeur particulière dans une colonne','A field in SQL is a database object that contains all the data in a database and a table is a particular value in a column',FALSE),
(64, 26, 'Fallait suivre tes cours','You should have taken your classes',FALSE),
(65, 27, 'La clé de l''école primaire','The key to the elementary school',FALSE),
(66, 27, 'Une clé primaire est un champ ou un ensemble de champs de table qui contient des valeurs uniques.','A primary key is a field or set of table fields that contains unique values',TRUE),
(67, 27, 'Une clé qui ouvre toutes les portes','A key that opens all doors',FALSE),
(68, 27, 'Une clé primaire est un champ ou un ensemble de champs de table qui contient les valeurs d''une autre table','A primary key is a field or set of fields in a table that contains values from another table',FALSE),
(69, 28, 'Un radar sur la route','A radar on the road',FALSE),
(70, 28, 'Un routeur permet de connecter des réseaux à Internet','A router allows to connect networks to the Internet',FALSE),
(71, 28, 'C''est ce que vous fournit Orange','This is what Orange provides to you',FALSE),
(72, 28, 'Un routeur forme des réseaux et gère le flux de données au sein de ces réseaux et entre eux','A router forms networks and manages the flow of data within and between these networks',TRUE),
(73, 29, 'GET tu guettes et POST tu postes','Get you watch and POST you post',FALSE),
(74, 29, 'La méthode GET permet de récupérer des informations grâce à l''API et POST permet d''insérer des informations dans l''API','The GET method is used to retrieve information from the API and POST is used to insert information into the API',TRUE),
(75, 29, 'La méthode GET permet d''insérer des informations dans l''API et POST permet de récupérer des informations grâce à l''API','The GET method allows you to insert information in the API and POST allows you to retrieve information through the API',FALSE),
(76, 29, 'GET c''est obtenir en anglais et POST c''est poster en anglais','GET is to get in English and POST is to post in English',FALSE),
(77, 30, 'Aucune','None',FALSE),
(78, 30, 'Il y a un X en plus','There is an extra X',FALSE),
(79, 30, 'Il n''y a que la syntaxe qui change','There is only the syntax that changes',TRUE),
(80, 30, 'Il n''y a que des petites fonctionnalités qui changent','There are only small features that change',FALSE),
(81, 32, 'L''héritage est un mécanisme qui permet, lors de la déclaration d’une nouvelle classe, d’y inclure les caractéristiques d’une autre classe','Inheritance is a mechanism that allows, when declaring a new class, to include the characteristics of another class',TRUE),
(82, 32, 'L''héritage est un mécanisme qui permet, lors de la déclaration d’une nouvelle classe, d’y étendre les caractéristiques de la classe en question','Inheritance is a mechanism that allows, when declaring a new class, to extend the characteristics of the class in question',FALSE),
(83, 32, 'L''héritage permet à une fonction d''avoir différentes formes','Inheritance allows a function to have different forms',FALSE),
(84, 32, 'L''héritage fourni un mécanisme permettant de décider dynamiquement quelle forme d''une fonction à invoquer','Inheritance provides a mechanism to dynamically decide which form of a function to invoke',FALSE),
(85, 33, 'Un domaine de nom de système','A system name domain',FALSE),
(86, 33, 'Un système de noms de domaine','Domain Name System',TRUE),
(87, 33, 'Un domaine sans sources','Domain No Sources',FALSE),
(88, 33, 'Un truc de réseau','A network thing',FALSE),
(89, 35, 'Un masque protégeant le réseau du covid','A mask protecting the network of the covid',FALSE),
(90, 35, 'Un masque sous réseau permet de réaliser des requêtes sans être enregistré sur le réseau','A subnet mask allows you to make requests without being registered on the network',FALSE),
(91, 35, 'Cela permet d''être anonyme sur un réseau spécifique','This allows you to be anonymous on a specific network',FALSE),
(92, 35, 'Un masque distinguant les bits d''une adresse IPv4 utilisés pour identifier le sous-réseau de ceux utilisés pour identifier l''hôte','A mask distinguishing the bits of an IPv4 address used to identify the subnet from those used to identify the host',TRUE),
(93, 37, 'Mark Zuckerberg','Mark Zuckerberg',FALSE),
(94, 37, 'Tim Berners-Lee','Tim Berners-Lee',TRUE),
(95, 37, 'Bob Kahn','Bob Kahn',FALSE),
(96, 37, 'Vinton G. Cerf','Vinton G. Cerf',FALSE),
(97, 38, 'SSH','SSH',TRUE),
(98, 38, 'DNS','DNS',FALSE),
(99, 38, 'TCP','TCP',FALSE),
(100, 38, 'UDP','UDP',FALSE),
(101, 39, 'Java','Java',TRUE),
(102, 39, 'Carte perforé','Punched card',FALSE),
(103, 39, 'Assembleur','Assembler',FALSE),
(104, 39, 'Brainfuck','Brainfuck',FALSE),
(105, 40, 'Bah traduction','Bah translation',FALSE),
(106, 40, 'ngx-translate','ngx-translate',TRUE),
(107, 40, 'Google traduction','Google translate',FALSE),
(108, 40, 'HTML traduction','HTML translate',FALSE),
(109, 41, 'Bootstrap est une collection d''outils utiles à la création du design de sites et d''applications web','Bootstrap is a collection of tools useful for creating web design and web applications',TRUE),
(110, 41, 'Bootstrap est un environnement de développement intégré destiné au développement de logiciels informatiques reposant sur la technologie Java','Bootstrap is an integrated development environment for developing computer software based on Java',FALSE),
(111, 41, 'Bootstrap est un éditeur pour PHP, HTML, CSS et JavaScript, édité par JetBrains','Bootstrap is an editor for PHP, HTML, CSS and JavaScript, published by JetBrains',FALSE),
(112, 41, 'Bootstrap est un environnement de développement intégré pour JavaScript et les technologies connexes','Bootstrap is an integrated development environment for JavaScript and related technologies',FALSE),
(113, 42, 'L''Optimisme, l''adaptabilité et la curiosité','Optimism, adaptability and curiosity', TRUE),
(114, 42, 'La fainéantise, la nonchalance','Laziness, nonchalance', FALSE),
(115, 42, 'L''ambition,La timidité,La force de caractère','ambition, shyness, strength of character', FALSE),
(116, 42, 'Le bavardage,L''impatience','chatter, impatience', FALSE),
(117, 43, 'PHP est principalement conçu pour servir de langage de script coté client','PHP is primarily designed to serve as a client-side scripting language',FALSE),
(118, 43, 'PHP est principalement conçu pour servir de langage de script coté serveur','PHP is primarily designed to serve as a server-side scripting language',TRUE),
(119, 43, 'PHP est principalement conçu pour faire du front-end à la place de HTML','PHP is mainly designed to do front-end instead of HTML',FALSE),
(120, 43, 'C''est inutile','It''s useless',FALSE),
(121, 44, 'Ecrire un petit paragraphe concernant mes expériences sur mon CV','Write a small paragraph about my experiences on my CV',FALSE),
(122, 44, 'Ne pas l''écrire dans le CV','Do not write it in the CV',FALSE),
(123, 44, 'Faire un résumé dans le bloc notes de ton téléphone','Make a summary in the notepad of your phone',FALSE),
(124, 44, 'Décrire succintement et par points les missions que l''on t-a confiées','Describe briefly and by points the missions you have been given',TRUE),
(125, 45, 'Lorsqu''on utilise l''héritage','When we use the legacy',TRUE),
(126, 45, 'Lors de la récursivité','During recursion',FALSE),
(127, 45, 'Lors de l''itération','During iteration',FALSE),
(128, 45, 'Si tu veux te compliquer la vie parce que Java','If you want to complicate your life because Java',FALSE),
(129, 46, 'Les énumérations sont traitées comme des types de données, et vous pouvez ainsi les utiliser pour créer des ensembles de constantes à utiliser avec des variables et des propriétés','Enumerations are treated as data types, so you can use them to create sets of constants for use with variables and properties',TRUE),
(130, 46, 'Il est préférable d''utiliser l''énumération lorsqu''on utilise l''héritage','It is preferable to use enumeration when using inheritance',FALSE),
(131, 46, 'Bah tu l''utilise pas','Well you don''t use it',FALSE),
(132, 46, 'Cé koi l''énumération ?','What is the enumeration',FALSE),
(133, 47, 'On les utilise lorsqu''on a besoin de l''héritage mais que certaines méthodes n''ont pas de sens à être définies','We use them: when we need inheritance but some methods have no sense to be defined',TRUE),
(134, 47, 'On les utilise lorsqu''on a besoin de l''énumération','We use them when we need the enumeration',FALSE),
(135, 47, 'On ne les utilise pas','We don t use them',FALSE),
(136, 47, 'Jsp c''est quoi','I don t know what is this',FALSE),
(137, 48, 'Unlimited Datagram Protocol','Unlimited Datagram Protocol',FALSE),
(138, 48, 'Unleashed Datagram Protocol','Unleashed Datagram Protocol',FALSE),
(139, 48, 'User Datagram protocol','User Datagram Protocol',TRUE),
(140, 48, 'Unable Datagram Protocol','Unable Datagram Protocol',FALSE),
(141, 49, 'Transformation Control Protocol','Transformation Control Protocol',FALSE),
(142, 49, 'Train Control Protocol','Train Control Protocol',FALSE),
(143, 49, 'Transmission Control Protocol','Transmission Control Protocol',TRUE),
(144, 49, 'Titi Cartoon Production','Titi Cartoon Production',FALSE),
(145, 50, 'Le protocole établit une connexion','The protocol establishes a connection',FALSE),
(146, 50, 'Le protocole n''établit pas de connexion','The protocol does not establish a connection',TRUE),
(147, 50, 'C''est un truc de réseau','Its a network thing',FALSE),
(148, 50, 'Le protocole UDP permet aux applications d''accéder directement à un service de transmission de datagrammes','The UDP protocol allows applications to directly access a datagram transmission service',FALSE),
(149, 51, 'IEEE 802 est un comité de l''IEEE (Institute of Electrical and Electronics Engineers)','IEEE 802 is a committee of the IEEE (Institute of Electrical and Electronics Engineers)',TRUE),
(150, 51, 'IEEE 802 est un article du code pénal','IEEE 802 is an article of the penal code',FALSE),
(151, 51, 'IEEE 802 est un comité de l''IEEE (Initiation of Enigmatic and Elevated Engineers)','IEEE 802 is a committee of the IEEE (Initiation of Enigmatic and Elevated Engineers)',FALSE),
(152, 51, 'C''est vraiment important ?',' Is that really important ?',FALSE),
(153, 52, 'Throw c''est lancer et Throws c''est jeter','Throw is throw and Throws is throws',FALSE),
(154, 52, 'Le mot-clé throws est utilisé pour déclarer quelles exceptions peuvent être lancées à partir d''une méthode, tandis que le mot-clé throw est utilisé pour lancer explicitement une exception dans une méthode ou un bloc de code','The throws keyword is used to declare which exceptions can be thrown from a method, while the throw keyword is used to explicitly throw an exception within a method or block of code',TRUE),
(155, 52, 'Le mot-clé throw est utilisé pour déclarer quelles exceptions peuvent être lancées à partir d''une méthode, tandis que le mot-clé throws est utilisé pour lancer explicitement une exception dans une méthode ou un bloc de code','The throw keyword is used to declare which exceptions can be thrown from a method, while the throws keyword is used to explicitly throw an exception within a method or block of code',FALSE),
(156, 52, 'Throw c''est jeter et Throws c''est lancer','Throw is throws and Throws is throw',FALSE),
(157, 53, 'Oui','Yes',FALSE),
(158, 53, 'Je sais pas','I don t know',FALSE),
(159, 53, 'Non','No',TRUE),
(160, 53, 'Finalement oui','Finally yes',FALSE),
(161, 54, 'Que les variables','Only the variables',FALSE),
(162, 54, 'Que les méthodes','Ony the methods',FALSE),
(163, 54, 'Les 2 sont possibles','Both are possible',TRUE),
(164, 54, 'Oui mais en les spécifiant abstract','Yes, but specifying them as abstract',FALSE),
(165, 55, 'Oui','Yes',FALSE),
(166, 55, 'Non','No',TRUE),
(167, 55, 'Aucune idée','No idea',FALSE),
(168, 55, 'StackOverflow a la réponse','StackOverflow has the answer',FALSE),
(169, 56, 'Vrai','True',FALSE),
(170, 56, 'Faux','False',TRUE),
(171, 56, 'Peut être', 'Maybe',FALSE),
(172, 56, 'Toujours StackOverflow','Always StackOverflow',FALSE),
(173, 57, 'L''interface est assez proche de la classe abstraite, mais aucune méthode n''est implémentée dedans','The interface is quite similar to the abstract class, but no method is implemented in it',TRUE),
(174, 57, 'La classe abstraite est assez proche de l''interface, mais aucune méthode n''est implémentée dedans','The abstract class is quite close to the interface, but no method is implemented in it',FALSE),
(175, 57, 'Aucune différence','No difference',FALSE),
(176, 57, 'Le nom','The name',FALSE),
(177, 58, 'Vrai','True',FALSE),
(178, 58, 'Faux','False',TRUE),
(179, 58, 'Aucune idée','No idea',FALSE),
(180, 58, 'Elle utilise le protocol JSP','It uses the JSP protocol',FALSE),
(181, 59, 'RFC 2671','RFC 2671',FALSE),
(182, 59, 'RFC 1267','RFC 1267',FALSE),
(183, 59, 'RFC 1627','RFC 1627',FALSE),
(184, 59, 'RFC 2617','RFC 2617',TRUE),
(185, 60, 'Bloc','Block',FALSE),
(186, 60, 'For','For',FALSE),
(187, 60, 'HashMap','HashMap',TRUE),
(188, 60, 'If','If',FALSE),
(189, 61, 'Les collections sont des objets qui permettent de gérer des ensembles d''objets.', 'Collections are objects that allow to manage sets of objects.', TRUE),
(190, 61, 'Les collections sont un ensemble de fonctions.', 'Collections are sets of functions.', FALSE),
(191, 61, 'Les collections sont des objets qui permettent de créer des interfaces plus facilement.','Collections are objects that make it easier to create interfaces.', FALSE),
(192, 61, 'Les collections sont des objets qui permettent de gérer des décorateurs.', 'Collections are objects that allow you to manage decorators.', FALSE),
(193, 62, 'Un type de jointures très communes pour lier plusieurs tables entre-elles.','A very common type of join to link several tables together.', TRUE),
(194, 62, 'Un type de jointure qui permet de lier plusieurs clés primaires.', 'A join type that links multiple primary keys.', FALSE),
(195, 62, 'Un type de jointure qui permet de lier plusieurs clés secondaires.', 'A type of join that allows you to link multiple secondary keys.', FALSE),
(196, 62, 'Une commande qui permet de créer des vues.', 'A command that allows you to create views.', FALSE),
(197, 63, 'Un type de jointure qui permet de prendre des données d une autre base de données', 'A type of join that allows you to take data from another database', FALSE),
(198, 63, 'Un type de jointure qui renvoit les valeurs correspondantes et les valeurs non correspondantes de soit l une, soit l autre, soit des deux tables.', 'A join type that returns matching and non-matching values from either or both tables.', TRUE),
(199, 63, 'Une jointure inutile. Autant utiliser INNER JOIN.', 'A useless join. Might as well use INNER JOIN.', FALSE),
(200, 63, 'Un type de jointure qui ne renvoit que les valeurs des clés primaires.', 'A join type that returns only the values of the primary keys.', FALSE),
(201, 64, 'Une commande qui permet de voir les données d''une table', 'A command that allows to see the data of a table', FALSE),
(202, 64, 'Une commande qui permet de limiter ce qu''un utilisateur peut voir dans une table.', 'A command to limit what a user can see in a table.', FALSE),
(203, 64, 'Une synthèse d''une requête d interrogation de la base.', 'A synthesis of a database query.', TRUE),
(204, 64, 'Une librairie SQL.', 'A SQL library.', FALSE),
(205, 65, 'Un déclencheur permet d''exécuter un ensemble d''instruction SQL juste après un événement.', 'A trigger allows to execute a set of SQL statements just after an event.', TRUE),
(206, 65, 'Un type de jointure qui permet d''afficher les valeurs NOT NULL.', 'A join type that allows NOT NULL values to be displayed.', FALSE),
(207, 65, 'Une commande qui permet d''afficher toutes les données qui vont changer dans le futur.', 'A command that allows to display all the data that will change in the future.', FALSE),
(208, 65, 'Un type de données.', 'A data type.', FALSE),
(209, 66, 'Un type de biscuit.', 'A type of biscuit.', TRUE),
(210, 66, 'Un type de fichier déposé sur le disque dur à l''insu de l''internaute', 'A small file deposited on the hard disk without the user''s knowledge', TRUE),
(211, 66, 'Un type de virus.','A type of virus.', FALSE),
(212, 66, 'Une commande SQL.','An SQL command.', FALSE),
(213, 67, 'La couche de réseau.', 'The network layer.', FALSE),
(214, 67, 'La couche physique.', 'The physical layer.', FALSE),
(215, 67, 'La couche application.', 'The application layer.', FALSE),
(216, 67, 'La couche de transport.', 'The transport layer.', TRUE),
(217, 68, 'La connection wifi.', 'Wifi connection.', FALSE),
(218, 68, 'La connection cablée.', 'Wired connection.', TRUE),
(219, 68, 'Ils ont tous la même vitesse.', 'They all have the same speed.', FALSE),
(220, 68, 'Par ondes radio.', 'By radio waves.', FALSE),
(221, 69, 'Multiplexage par répartition de temps', 'Time Division Multiplexing', TRUE),
(222, 69, 'Multiplexage spatial de mode', 'Space Division Multiplexing', FALSE),
(223, 69, 'Multiplexage par répartition de fréquence', 'Frequency Division Multiplexing', FALSE),
(224, 69, 'Multiplexage des fréquences en ADSL', 'Plain Old Telephone Service', FALSE),
(225, 70, 'Délai de propagation', 'Time of propagation', FALSE),
(226, 70, 'Délai d''attente', 'Waiting period', FALSE),
(227, 70, 'Délai de transmission', 'Time of transmission', FALSE),
(228, 70, 'Toutes les réponses sont vraies', 'All of the answers are true', TRUE),
(229, 71, 'On regarde dans la console.', 'We look at the console.', TRUE),
(230, 71, 'On rallume sa connection.', 'We restart our connection.', FALSE),
(231, 71, 'On éteint et on rallume le site.', 'We restart the website.', FALSE),
(232, 71, 'On abandonne.', 'We give up.', FALSE),
(233, 72, 'Aucune.', 'None', FALSE),
(234, 72, '!== attribue aussi une valeur.', '!== also assigns a value.', FALSE),
(235, 72, '!== vérifie aussi le type.', '!== also checks the type.', TRUE),
(236, 72, '!== n''existe pas.', '!== doesnt exist.', FALSE),
(237, 73, 'A definir une constante.', 'To define a constant.', TRUE),
(238, 73, 'Cette fonction n''existe pas.', 'This function doesnt exist.', FALSE),
(239, 73, 'C''est une fonction utilisée pour définir un constructeur.', 'Its a function used to  define a constructor.', FALSE),
(240, 73, 'Cette fonction n''est plus utilisée', 'This functions isnt used anymore.', FALSE),
(241, 74, 'composant logiciel qui effectue la réécriture des URL en modifiant leur apparence.', 'Software component that rewrites URLs by changing their appearance.', TRUE),
(242, 74, 'Une librairie PHP.', 'A PHP library.', FALSE),
(243, 74, 'Un type de serveur.', 'A type of server.', FALSE),
(244, 74, 'Un langage de programmation.', 'A programming language.', FALSE),
(245, 75, 'Un garbage collector est un sous-système informatique de gestion automatique de la mémoire.', 'A garbage collector is a computer subsystem for automatic memory management.', TRUE),
(246, 75, 'Un synonyme d''éboueur.', 'A synonym for garbage man.', FALSE),
(247, 75, 'Une librarie en Java.', 'A Java library.', FALSE),
(248, 75, 'Un des pilliers de POO.', 'One of the pillars of OOP.', FALSE),
(249, 76, 'En demandant gentiment de ne pas le faire.', 'By asking nicely not to do it.', FALSE),
(250, 76, 'En ne mettant pas de cookies dans son site.', 'By not puttin cookies in your website.', FALSE),
(251, 76, 'En filtrant les caractères spéciaux comme les chevrons dans les espaces commentaires, inputs pour se connecter etc.', 'By filtering out special characters like chevrons in comment spaces, inputs to connect etc.', TRUE),
(252, 76, 'Grâce à un antivirus.', 'With an antivirus.', FALSE),
(253, 77, 'Nouveau, executable, bloqué, attendre, résilié.', 'New, executable, blocked, waiting, terminated.', TRUE),
(254, 77, 'Il nait et il meurt.', 'Hes born and then he dies.', FALSE),
(255, 77, 'Un thread Java n''a pas de vie.', 'A Java thread isnt alive.', FALSE),
(256, 77, 'Personne ne sait.', 'Nobody knows.', FALSE),
(257, 78, 'Par hasard.', 'Randomly.', FALSE),
(258, 78, 'Seuls les objets qui n''y font plus référence sont éligibles au ramasse-miettes en Java.', 'Only objects that no longer refer to it are eligible for the garbage collector in Java.', TRUE),
(259, 78, 'Java n''a pas de garbage collection.', 'Java doesnt have any garbage collection.', FALSE),
(260, 78, 'En demandant.', 'By asking.', FALSE),
(261, 79, 'Avec import()', 'With import()', TRUE),
(262, 79, 'Par le constructeur.', 'By the constructor.', TRUE),
(263, 79, 'Il ne faut pas injecter des dépendances, sinon il y aura des problèmes de sécurité.', 'You should not inject your dependencies, otherwise there will be security problems.', FALSE),
(264, 79, 'En mettant tout dans un seul fichier.', 'By putting everything in a single file.', FALSE),
(265, 80, 'Avec le mot clé transient.', 'With the key word transient.', TRUE),
(266, 80, 'En les mettant dans le constructeur.', 'By putting them in the constructor.', FALSE),
(267, 80, 'En les définissant comme constantes.', 'By defining them as constants.', FALSE),
(268, 80, 'Toutes les réponses sont correctes.', 'All of the answers are correct.', FALSE),
(269, 81, 'C''est la définition de la nature', 'It''s the definition of nature',FALSE),
(270, 81, 'C''est une jointure entre 2 tables qui permet de retourner les enregistrements des deux tables de façon « naturelle »', 'It''s a join between 2 tables which allows to return the records of the two tables in a "natural" way', TRUE),
(271, 81, 'C''est une jointure entre 2 tables qui permet de retourner tous les enregistrements des deux tables même s’il n’y a pas de correspondance avec l’autre','it''s is a join between 2 tables which allows to return all the records of the two tables even if there is no correspondence with the other',FALSE),
(272, 81, 'C''est une jointure entre 2 tables qui permet de retourner tous les enregistrements de la table de droite même s’il n’y a pas de correspondance avec la table de gauche','it''s a join between 2 tables which allows to return all the records of the right table even if there is no correspondence with the left table',FALSE);



CREATE TABLE users (
  idU serial PRIMARY KEY NOT NULL,
  idRole int NOT NULL,
  pseudo varchar(50) NOT NULL,
  password varchar(255) NOT NULL,
  hash varchar(255) NOT NULL
);
