CREATE TABLE categories (
  id_categorie serial PRIMARY KEY NOT NULL,
  label_fr varchar(300) NOT NULL,
  label_en varchar(300) NOT NULL
);

INSERT INTO categories (id_categorie, label_fr, label_en) VALUES
(1, 'Basededonnées', 'Database'),
(2, 'Réseau', 'Network'),
(3, 'Web-Front', 'Web-Front'),
(4, 'Web-Back', 'Web-Back'),
(5,'ProgObjet', 'OrientedObjectProgrammation'),
(6, 'Experience','Experience'),
(7,'Personnel','Personnal'),
(8, 'PHP', 'PHP'),
(9, 'SoftSkills','SoftSkills');



CREATE TABLE difficultes (
  id_difficulte serial PRIMARY KEY NOT NULL,
  level_fr varchar(300) NOT NULL,
  level_en varchar(300) NOT NULL
);



INSERT INTO difficultes (id_difficulte, level_fr, level_en) VALUES
(1, 'Facile', 'Easy'),
(2, 'Moyen', 'Medium'),
(3, 'Difficile', 'Hard');



CREATE TABLE questions (
  id_question serial PRIMARY KEY NOT NULL,
  label_fr varchar(300) NOT NULL,
  label_en varchar(300) NOT NULL,
  id_categorie int REFERENCES categories(id_categorie) NOT NULL,
  id_difficulte int REFERENCES difficultes(id_difficulte) NOT NULL,
  eval_mode boolean NOT NULL,
  training_mode boolean NOT NULL,
  survival_mode boolean NOT NULL,
  pro_tips_fr varchar(300),
  pro_tips_en varchar(300)
);

INSERT INTO questions (id_question, label_fr, label_en, id_categorie, id_difficulte, eval_mode, training_mode, survival_mode, pro_tips_fr, pro_tips_en) VALUES
(1, 'Parmi ces technologies, lesquelles sont utilisées pour le développement Web ?', 'Which of these technologies are used for web development?', 3, 2, TRUE, TRUE, FALSE, NULL, NULL),
(2, 'Lequel de ces protocoles n est qu un protocole d échange de fichiers entre un client et un serveur sur Internet ?', 'Which of these protocols is only a file exchange protocol between a client and a server on the Internet ?', 2, 1, TRUE, TRUE, TRUE, 'FTP pour Protocole de Transport de Fichier', 'FTP for File Trasfert Protocol'),
(3, 'Comment améliorer une page web qui se charge lentement?', 'How to improve a web page that loads slowly?', 4,2, TRUE,TRUE,TRUE,NULL,NULL ),
(4,'Comment vous assurez-vous que vos sites Web et applications sont accessibles aux utilisateurs ?','How do you ensure that your websites and applications are accessible to users?',4,2,TRUE,TRUE,TRUE,NULL,NULL ),
(5,'Quel est votre langage de programmation préféré, et pourquoi ?','What is your favorite programming language, and why?',7,1,TRUE,FALSE,FALSE,NULL,NULL),
(6,'Quelle est la différence entre les classes et les ID dans les CSS ?','What is the difference between classes and IDs in CSS?',3,2,TRUE,TRUE,TRUE,NULL,NULL),
(7,'En Java, peut-on surcharger la méthode main() ?','In Java, can we override the main() method?', 5,3,TRUE,TRUE,TRUE,NULL,NULL),
(8, 'Sur quels sites internet et de quels tailles avez vous travaillé auparavant?','What websites of what size have you worked on before?',6,1,TRUE,FALSE,FALSE,NULL,NULL),
(9, 'Qu''est ce que le HTML sémantique ?','What is Semantic HTML?',3,2,TRUE,TRUE,TRUE,NULL,NULL),
(10, 'Un site ne s''affiche pas correctement sur des appareils différents. Quels sont les premières choses que vous feriez pour corriger le problème ?','The website does not display correctly on different devices.  What are the first steps you would take to fix it?',3,2,TRUE,TRUE,TRUE,NULL,NULL),
(11, 'Quelle est pour vous, la meilleure qualité pour un développeur ?','What is for you, the best quality for a developper ?',7,1,TRUE,FALSE,FALSE,NULL,NULL),
(12, 'En Java, quelle est la différence entre equals() et == ?','In Java, what is the difference between equals() and ==?',5,2,TRUE,TRUE,TRUE,NULL,NULL),
(13, 'PHP est-il un langage de programmation POO ?', 'Is PHP a programming language OOP ?',8,1,TRUE,TRUE,TRUE, NULL, NULL),
(14, 'Expliquer _construct() et _destruct()', 'Explain _construct() and _destruct()', 8,2,TRUE,FALSE,FALSE,NULL,NULL),
(15, 'Comment exporter des données PHP dans Excel ?', 'How to export PHP datas in Excel ?', 8,2,TRUE,FALSE,FALSE,NULL,NULL),
(16, 'Quelle est la balise la plus courante pour intégrer PHP au HTML?','What is the most common element to integrate PHP into HTML ?',8,1,TRUE,TRUE,TRUE,NULL,NULL),
(17, 'Quelle est la différence entre «==» et «===»','What is the difference between == and ===?',6,1,TRUE,TRUE,TRUE,NULL,NULL),
(18, 'As-tu déjà travaillé en direct avec des clients pour réaliser un projet ? Si non, est-ce que cela t''intéresse ?','Have you ever worked live with clients on a project? If not, are you interested?',9,1,TRUE,FALSE,FALSE,NULL,NULL),
(19, 'Que penses-tu de la programmation en équipe ? L''as-tu déjà fait ou serais-tu intéressé pour essayer ?', 'What do you think about team programming? Have you ever done it or would you be interested in trying?', 9,1,TRUE,FALSE,FALSE,NULL,NULL),
(20, 'Qu''est-ce que tu trouves le plus difficile dans ton métier ?','What do you find most difficult about your job?',9,1,TRUE,FALSE,FALSE,NULL,NULL),
(21, 'Parle moi d''un projet dont tu es particulièrement fier et de ce que tu as accompli dans ce projet','Tell me about a project you are particularly proud of and what you have accomplished in this project', 6,1,TRUE,FALSE,FALSE,NULL,NULL),
(22, 'Tu bloques sur une ligne de code ou un problème technique. Comment trouves-tu la réponse ?','You are blocking on a line of code or a technical problem. How do you find the answer ?',9,1,TRUE,FALSE,FALSE,NULL,NULL),
(23, 'Qu est ce qu une base de données ?','What is a database ?',1,1,TRUE,TRUE,TRUE,NULL,NULL),
(24, 'Qu est-ce qu un SGBD ?','What is a DBMS ?',1,1,TRUE,TRUE,TRUE,NULL,NULL),
(25, 'Qu est-ce qu un SGBDR ?','What is an RDBMS ?',1,2,TRUE,TRUE,TRUE,NULL,NULL),
(26, 'Que sont les tableaux et les champs en SQL ?','What are tables and fields in SQL?',1,1,TRUE,TRUE,TRUE,NULL,NULL),
(27, 'Qu est-ce qu une clé primaire ?','What s a primary key ?',1,1,TRUE,TRUE,TRUE,NULL,NULL),
(28, 'Que sont les routeurs ?','What are routers ?',2,2,TRUE,TRUE,TRUE,NULL,NULL),
(29, 'Quelle est la différence entre GET et POST ?','What is the difference between GET and POST ?',4,2,TRUE,TRUE,TRUE,NULL,NULL),
(30, 'Quelles sont les différences entre HTML et XHTML ?','What are the differences between HTML and XHTML ?',3,2,TRUE,TRUE,TRUE,NULL,NULL),
(31, 'Quelles sont vos forces et vos faiblesses ?', 'What are your strengths and weaknesses?',7,1,TRUE,FALSE,FALSE,NULL,NULL),
(32, 'Qu’est-ce que l’ héritage en Programmation Orientée Objet ?', 'What is legacy in Oriented Object Programmation ?',5,2,TRUE,TRUE,TRUE,NULL,NULL),
(33, 'Quel est la signification de DNS ?', 'What is the meaning of DNS?', 2,1,TRUE,TRUE,TRUE,NULL,NULL),
(34, 'Pouvez-vous expliquer le principe de requête Client/Serveur ?', 'Can you explain the Client/Server request principle?', 2,2,TRUE,FALSE,FALSE,NULL,NULL),
(35, 'Qu''est ce qu''un masque de sous-réseau ?','What is a subnet mask?', 3,2,TRUE,TRUE,TRUE,NULL,NULL),
(36, 'Pouvez-vous indiquer plusieurs protocole réseau ?','Can you indicate several network protocols?', 2,2, TRUE,FALSE,FALSE,NULL,NULL),
(37, 'Qui est le créateur du Protocole HTTP?','Who is the creator of the HTTP Protocol?',2,3, TRUE,TRUE,TRUE,NULL,NULL),
(38, 'Que doit-on utiliser pour créer une connexion locale ?', 'What should be used to create a local connection?',2,2,TRUE,TRUE,TRUE,NULL,NULL),
(39, 'Lequel de ces langages est un langage orienté Objet?','Which language of these 4 answers is an Object Oriented language?', 5,1,TRUE,TRUE,TRUE,NULL,NULL),
(40, 'Je souhaite mettre en place un bouton pour traduire une page Web, quel est le module le plus adapté?','I want to set up a button to translate a web page, what is the most suitable module?', 3, 2,TRUE,TRUE,TRUE,NULL,NULL),
(41, 'Qu-est ce que BootStrap ?','What is BootStrap?', 3,1, TRUE,TRUE,TRUE,NULL,NULL),
(42, 'Quelles sont les qualités à mettre en avant en premier lors d''un entretien ?', 'What are the qualities to put forward first during an interview?', 7,2,TRUE,TRUE,TRUE,NULL,NULL),
(43, 'Quel est l''utilité première de PHP?','What is the primary use of PHP?',8,1,TRUE,TRUE,TRUE,NULL,NULL),
(44, 'Comment j''énonce mes expériences professionnelles ?','How do I state my professional experiences?',6,2,TRUE,TRUE,TRUE,NULL,NULL),
(45, 'Dans quel situation est-il préférable de faire une hiérarchie de classe?','In which situation is it better to make a class hierarchy?',5,1,TRUE,TRUE,TRUE,NULL,NULL),
(46, 'Dans quel situation est-il préférable d''utiliser une énumération en Java ?','In which situation is it better to use an enumeration in Java?',5,1,TRUE,TRUE,TRUE,NULL,NULL),
(47, 'Dans quel situation est-il préférable d''utiliser une interface en Java ?','In which situation is it better to use an interface in Java?',5,1,TRUE,TRUE,TRUE,NULL,NULL),
(48, 'Quel est la signification de UDP en réseau?','What is the meaning of UDP in networking?',2,1,TRUE,TRUE,TRUE,NULL,NULL),
(49, 'Quel est la signification de TC en réseau ?','What is the meaning of networked TC?',2,1,TRUE,TRUE,TRUE,NULL,NULL),
(50, 'Quel est la particularité du protocole UDP','What is special about the UDP protocol',2,2, TRUE,TRUE,TRUE,NULL,NULL),
(51, 'A quoi correspond la norme IEE 802 ?','What is the IEEE 802 standard?',2,2,TRUE,TRUE,TRUE,NULL,NULL),
(52, 'Quelle est la différence entre les mots-clés throw et throws en Java?','What is the difference between throw and throws keywords in Java?',5,2,TRUE,TRUE,TRUE,NULL,NULL),
(53, 'Peut-on déclarer un constructeur comme final ?','Can a constructor be declared final?',5,2,TRUE,TRUE,TRUE,NULL,NULL),
(54, 'Peut-on déclarer des variables et méthodes static dans une classe abstraite ?','Can we declare static variables and methods in an abstract class?',5,2,TRUE,TRUE,TRUE,NULL,NULL),
(55, 'Peut-on déclarer une interface comme final?','Can an interface be declared as final?',5,2,TRUE,TRUE,TRUE,NULL,NULL),
(56, 'Chaque bloc try doit être suivi d''un bloc catch','Vrai ou faux ?',5,2,TRUE,TRUE,TRUE,NULL,NULL),
(57, 'Quelle est la différence entre une classe abstraite et une interface ?','What is the difference between an abstract class and an interface?',5,2,TRUE,TRUE,TRUE,NULL,NULL),
(58, 'La norme HTTP/3.0 utlise le protocole TCP ET UDP, Vrai ou faux ?','The HTTP/3.0 standard uses the TCP AND UDP protocol, True or False?',2,2,TRUE,TRUE,TRUE,NULL,NULL),
(59, 'Quel est l''identifiant standard du protocole HTTP?','What is the standard HTTP protocol identifier?',2,2,TRUE,TRUE,TRUE,NULL,NULL),
(60, 'Je souhaite utliser une association clé/valeur en Java, j''utilise un ?','I want to use a key/value association in Java, I use a ?',5,2,TRUE,TRUE,TRUE,NULL,NULL),
(61, 'Qu''est ce qu''une collection en Java ?','What is a collection in Java?',5,2,TRUE,TRUE,TRUE,NULL,NULL),
(62, 'Qu''est ce qu''un INNER JOIN ?','What is an INNER JOIN?',1,2,TRUE,TRUE,TRUE,NULL,NULL),
(63, 'Qu''est ce qu''un OUTER JOIN ?','What is an OUTER JOIN?',1,2,TRUE,TRUE,TRUE,NULL,NULL),
(63, 'Qu''est ce qu''un NATURAL JOIN ?','What is an NATURAL JOIN?',1,2,TRUE,TRUE,TRUE,NULL,NULL),
(64, 'Une View c''est ?','A View is?',1,1,TRUE,TRUE,TRUE,NULL,NULL),
(65, 'Un déclencheur c''est ?','A trigger is ?',1,1,TRUE,TRUE,TRUE,NULL,NULL),
(66, 'Qu''est ce qu''un cookie ?','What is a cookie ?',2,2,TRUE,TRUE,TRUE,NULL,NULL),
(67, 'Quelle couche est responsable pour traiter la livraison du paquet?','Which layer is responsible for handling packet delivery?',2,2,TRUE,TRUE,TRUE,NULL,NULL),
(68, 'Quel média de transmission a la vitesse de transmission la plus élevée dans un réseau?','Which transmission medium has the highest transmission speed in a network?',2,1,TRUE,TRUE,TRUE,NULL,NULL),
(69, 'Quelle technique de multiplexage transmet des signaux numériques?','Which multiplexing technique transmits digital signals?',2,2,TRUE,TRUE,TRUE,NULL,NULL),
(70, 'Quel est le délai suivant auquel le paquet est confronté lorsqu’il se déplace d’un système à un autre?','What is the next delay the packet faces when moving from one system to another?',2,2,TRUE,TRUE,TRUE,NULL,NULL),
(71, 'Comment récupérer l’erreur en cas de problème lors du upload d’un fichier?','How to recover the error if there is a problem while uploading a file?',8,1,TRUE,TRUE,TRUE,NULL,NULL),
(72, 'Quelle est la différence entre $a != $b et $a !== $b?','What is the difference between $a != $b and $a !== $b?',8,1,TRUE,TRUE,TRUE,NULL,NULL),
(73, 'A quoi sert la fonction constant()?','What is the constant() function for?',8,1,TRUE,TRUE,TRUE,NULL,NULL),
(74, 'Qu’est-ce que « URL rewriting »?','What is “URL rewriting”?',8,2,TRUE,TRUE,TRUE,NULL,NULL),
(75, 'Qu’est-ce que le garbage collection?','What is Garbage Collection?',8,2,TRUE,TRUE,TRUE,NULL,NULL),
(76, 'Comment empêcher une attaque de cross-site scripting(XSS) en PHP?','How to prevent cross-site scripting(XSS) attack in PHP?',8,3,TRUE,TRUE,TRUE,NULL,NULL),
(77, 'Pouvez-vous expliquer le cycle de vie d’un thread Java ?','Can you explain the life cycle of a Java thread?',5,2,TRUE,TRUE,TRUE,NULL,NULL),
(78, 'Quel est le moyen possible de rendre un objet éligible au garbage collection (GC) en Java ?','What is the possible way to make an object eligible for garbage collection (GC) in Java?',5,2,TRUE,TRUE,TRUE,NULL,NULL),
(79, 'Quelle est la meilleure façon d’injecter une dépendance ?','What is the best way to inject a dependency?',5,1,TRUE,TRUE,TRUE,NULL,NULL),
(80, 'Comment empêcher la sérialisation des attributs d’une classe en Java ?','How to prevent serialization of attributes of a class in Java?',5,3,TRUE,TRUE,TRUE,NULL,NULL);






CREATE TABLE reponses (
  id_reponse serial PRIMARY KEY NOT NULL, 
  id_question int REFERENCES questions(id_question) NOT NULL,
  label_fr varchar(300) NOT NULL,
  label_en varchar(300) NOT NULL,
  valid boolean NOT NULL
);

INSERT INTO reponses (id_reponse, id_question, label_fr, label_en, valid) VALUES
(1, 1, 'Angular', 'Angular',  TRUE),
(2, 1, 'Laravel', 'Laravel',  TRUE),
(3, 1, 'JupyterNotebook', 'JupyterNotebook',  FALSE),
(4, 1, 'Aucun', 'None', FALSE),
(5, 2, 'TCP', 'TCP',  FALSE),
(6, 2, 'HTTP', 'HTTP',  TRUE),
(7, 2, 'FTP', 'FTP',  TRUE),
(8, 2, 'SSH', 'SSH',  TRUE),
(9, 3, 'Trouver le bon hébergeur','Find the right host', TRUE),
(10, 3, 'Supprimer les extensions inutiles', 'Delete all useless plugins',TRUE),
(11, 3, 'Réduire le poids des images', 'Reduce pictures size',TRUE),
(12, 3, 'Supprimer les balises','Delete some elements',TRUE),
(13, 4, 'Leur demander','Ask them',FALSE),
(14, 4, 'Utiliser des outils pour vérifier l''accessibilité du site','Use tools to check website accessibility',TRUE),
(15, 4, 'Vérifier par soi-même une fois le site en ligne','Check by yourself once the website is online',TRUE),
(16, 4, 'Vérifier à l''aide d''un tuto Youtube','Check with a youtube tutorial',FALSE),
(17, 6, 'ID s''applique à un objet unique et class à plusieurs objets','ID applies to a single object and class to multiple objects',TRUE),
(18, 6, 'Class s''applique à un objet unique et ID à plusieurs objets','Class applies to a single object and ID to multiple objects',FALSE),
(19, 6, 'Il n''y a aucune différence', 'There is no difference',FALSE),
(20, 6, 'Class sert à mieux modulariser le CSS','Class is used to better modularize the CSS',TRUE),
(21, 7, 'Oui','Yes',TRUE),
(22, 7, 'Non','No',FALSE),
(23, 7, 'Je ne sais pas','I d''ont know',FALSE),
(24, 7, 'La réponse D','Answer D',FALSE),
(25, 9, 'C''est l''utilisation du balisage HTML visant à renforcer la signification des informations contenues dans les pages web, c''est-à-dire leur sens, plutôt que définir leurs présentations','It is the use of HTML element to strengthen the meaning of the information contained in web pages, that is, their meaning, rather than defining their presentations.',TRUE),
(26, 9, 'C''est de l''HTML qui s''aime de manière antique','That''s semantic HTML',FALSE ),
(27, 9, 'Une convention d''écriture du code HTML','A convention for writing HTML code', FALSE),
(28, 9, 'Une façon d''organiser son répertoire de travail','A way to organize your working directory',FALSE),
(29, 10, 'Recréer le site pour chaque appareil','Recreate the website for each device',FALSE),
(30, 10, 'Je change d''hébergeur','I change host',FALSE),
(31, 10, 'J''adapte mon CSS', 'I adapt my CSS',TRUE),
(32, 10, 'Je rends mon site réactif', 'I make my website responsive', TRUE),
(33, 12, 'Aucune', 'None',FALSE),
(34, 12, 'L''une est une méthode et l''autre une opération','One is a method and the other one is an operator',TRUE),
(35, 12, '== est une comparaison d''adresse et equals() une comparaison de contenu','== is an address comparison and equals() a content comparison',TRUE),
(36, 12, '== est une comparaison de contenu et equals() une comparaison d''adresse','== is a content comparison and equals() an address comparison',FALSE),
(37, 13, 'Oui','Yes',TRUE),
(38, 13, 'Non','No',FALSE),
(39, 13, 'C koi POO ?','What is POO ?',FALSE),
(40, 13, 'Oui, parce qu il y a un P dans les deux','Yes, because there is a P in both',FALSE),
(41, 16, '<script language="php"> et </script>','<script language="php"> and </script>',TRUE),
(42, 16, '<"php"=script language> et </script>','<"php"=script language> and </script>',FALSE),
(43, 16, '<script language="php"> et <script>','<script language="php"> and <script>',FALSE),
(44, 16, '<php language="script"> et </php>','<php language="script"> and </php>',FALSE),
(45, 17, 'Le «==» est utilisé pour une comparaison du type et de la valeur des deux variables et le «===» pour une comparaison entre deux varialbes quel que soit le type','The "==" is used for a comparison of the type and value of two variables and the "===" for a comparison between two varialbes regardless of the type',FALSE),
(46, 17, 'Le «==» est utilisé pour une comparaison entre deux variables quel que soit le type et le «===» pour une comparaison du type et de la valeur des deux variables','The "==" is used for a comparison between two variables whatever the type and the "===" for a comparison of the type and the value of the two variables',TRUE),
(47, 17, 'Il y a un égal en plus','There is one more equal',FALSE),
(48, 17, 'Aucune','None',FALSE),
(49, 23, 'C est un truc avec des données dedans','It s a thing with data in it',FALSE),
(50, 23, 'C est une base avec des données dedans','It is a database with data in it',FALSE),
(51, 23, 'Une base de données est une collection organisée d informations structurées, généralement stockées électroniquement dans un système informatique','A database is an organized collection of structured information, usually stored electronically in a computer system',TRUE),
(52, 23, 'La réponse D','Answer D',FALSE),
(53, 24, 'Des lettres','Some letters',FALSE),
(54, 24, 'Un logiciel système permettant aux utilisateurs et programmeurs de créer et de gérer des bases de données','A software system that allows users and programmers to create and manage databases',TRUE),
(55, 24, 'Un code wifi','A wifi code',FALSE),
(56, 24, 'Un logiciel système permettant aux utilisateurs et programmeurs de créer et de gérer des serveurs web','A system software that allows users and programmers to create and manage web servers',FALSE),
(57, 25, 'Un code de jeu Steam',FALSE),
(58, 25, 'Une base de données relationnelle est une base de données où l information est organisée dans des tableaux à deux dimensions appelés des relations ou tables','A relational database is a database where information is organized in two-dimensional tables called relations or tables',TRUE),
(59, 25, 'Une relation de base de données est une relation où l information est organisée dans des tableaux à deux dimensions appelés des relations ou tables','A database relationship is a relationship where information is organized in two-dimensional tables called relations or tables',FALSE),
(60, 25, 'Ton code Izzly','Your Izzly code',FALSE),
(61, 26, 'Un champ en SQL est une valeur particulière dans une colonne et une tables sont des objets de base de données qui contiennent toutes les données d une base de données','A field in SQL is a particular value in a column and tables are database objects that contain all the data in a database',TRUE),
(62, 26, 'Un champ en SQL permet de planter des données et une tables permet de ranger les plantations','A field in SQL allows to plant data and a table allows to arrange the plantations',FALSE),
(63, 26, 'Un champ en SQL est un objet de base de données qui contient toutes les données d une base de données et une table est une valeur particulière dans une colonne','A field in SQL is a database object that contains all the data in a database and a table is a particular value in a column',FALSE),
(64, 26, 'Fallait suivre tes cours','You should have taken your classes',FALSE),
(65, 27, 'La clé de l école primaire','The key to the elementary school',FALSE),
(66, 27, 'Une clé primaire est un champ ou un ensemble de champs de table qui contient des valeurs uniques.','A primary key is a field or set of table fields that contains unique values',TRUE),
(67, 27, 'Une clé qui ouvre toutes les portes','A key that opens all doors',FALSE),
(68, 27, 'Une clé primaire est un champ ou un ensemble de champs de table qui contient les valeurs d une autre table','A primary key is a field or set of fields in a table that contains values from another table',FALSE),
(69, 28, 'Un radar sur la route','A radar on the road',FALSE),
(70, 28, 'Un routeur permet de connecter des réseaux à Internet','A router allows to connect networks to the Internet',FALSE),
(71, 28, 'C est ce que vous fournis Orange','This is what Orange provides to you',FALSE),
(72, 28, 'Un routeur forme des réseaux et gère le flux de données au sein de ces réseaux et entre eux','A router forms networks and manages the flow of data within and between these networks',TRUE),
(73, 29, 'GET tu guette et POST tu poste','Get you watch and POST you post',FALSE),
(74, 29, 'La méthode GET permet de récupérer des informations grâce à l''API et POST permet d''insérer des informations dans l''API','The GET method is used to retrieve information from the API and POST is used to insert information into the API',TRUE),
(75, 29, 'La méthode GET permet d''insérer des informations dans l''API et POST permet de récupérer des informations grâce à l''API','The GET method allows you to insert information in the API and POST allows you to retrieve information through the API',FALSE),
(76, 29, 'GET c''est obtenir en anglais et POST c''est poster en anglais','GET is to get in English and POST is to post in English',FALSE),
(77, 30, 'Aucune','None',FALSE),
(78, 30, 'Il y a un X en plus','There is an extra X',FALSE),
(79, 30, 'Il n''ya que la syntaxe qui change','There is only the syntax that changes',TRUE),
(80, 30, 'Il n''y a que des petites fonctionnalités qui change','There are only small features that change',FALSE),
(81, 32, 'L’héritage est un mécanisme qui permet, lors de la déclaration d’une nouvelle classe, d’y inclure les caractéristiques d’une autre classe','Inheritance is a mechanism that allows, when declaring a new class, to include the characteristics of another class',TRUE),
(82, 32, 'L’héritage est un mécanisme qui permet, lors de la déclaration d’une nouvelle classe, d’y étendre les caractéristiques de la classe en question','Inheritance is a mechanism that allows, when declaring a new class, to extend the characteristics of the class in question',FALSE),
(83, 32, 'L’héritage permet à une fonction d’avoir différente forme','Inheritance allows a function to have different forms',FALSE),
(84, 32, 'L’héritage fourni un mécanisme permettant de décider dynamiquement quelle forme d’une fonction à invoquer','Inheritance provides a mechanism to dynamically decide which form of a function to invoke',FALSE),
(85, 33, 'Un domaine de nom de système','A system name domain',FALSE),
(86, 33, 'Un système de noms de domaine','Domain Name System',TRUE),
(87, 33, 'Un domaine sans sources','Domain No Sources',FALSE),
(88, 33, 'Un truc de réseau','A network thing',FALSE),
(89, 35, 'Un masque protégeant le réseau du covid','A mask protecting the network of the covid',FALSE),
(90, 35, 'Un masque sous réseau permet de réaliser des requêtes sans être enregistré sur le réseau','A subnet mask allows you to make requests without being registered on the network',FALSE),
(91, 35, 'Cela permet d''être anonyme sur un réseau spécifique','This allows you to be anonymous on a specific network',FALSE),
(92, 35, 'Un masque distinguant les bits d''une adresse IPv4 utilisés pour identifier le sous-réseau de ceux utilisés pour identifier l''hôte','A mask distinguishing the bits of an IPv4 address used to identify the subnet from those used to identify the host',TRUE),
(93, 37, 'Mark Zuckerberg','Mark Zuckerberg',FALSE),
(94, 37, 'Tim Berners-Lee','Tim Berners-Lee',TRUE),
(95, 37, 'Bob Kahn','Bob Kahn',FALSE),
(96, 37, 'Vinton G. Cerf','Vinton G. Cerf',FALSE),
(97, 38, 'SSH','SSH',TRUE),
(98, 38, 'DNS','DNS',FALSE),
(99, 38, 'TCP','TCP',FALSE),
(100, 38, 'UDP','UDP',FALSE),
(101, 39, 'Java','Java',TRUE),
(102, 39, 'Carte perforé','Punched card',FALSE),
(103, 39, 'Assembleur','Assembler',FALSE),
(104, 39, 'Brainfuck','Brainfuck',FALSE),
(105, 40, 'Bah traduction','Bah translation',FALSE),
(106, 40, 'ngx-translate','ngx-translate',TRUE),
(107, 40, 'Google traduction','Google translate',FALSE),
(108, 40, 'HTML traduction','HTML translate',FALSE);

CREATE TABLE users (
  idU serial PRIMARY KEY NOT NULL,
  idRole int NOT NULL,
  pseudo varchar(50) NOT NULL,
  password varchar(255) NOT NULL,
  hash varchar(255) NOT NULL
);
